{
    "copyright": "Copyright (c) Facebook, Inc. and its affiliates.",
    "name": "object",
    "roles": [
        "object"
    ],
    "lookups": [
        "free-text",
        "keywords"
    ],
    "keywords": [
        {
            "keyword": "box",
            "synonyms": [
                "box"
            ]
        },
        {
            "keyword": "cylinder",
            "synonyms": [
                "cylinder"
            ]
        },
        {
            "keyword": "sphere",
            "synonyms": [
                "sphere"
            ]
        }
    ]
}
